"country","year","country_text_id","country_id","COWcode","dsp","internet","polity2","gdp","caid","usaid","log_usaid","log_caid","log_gdp"
"Algeria",2010,"DZA",103,615,-14.977,12.5,2,4480.78682343691,0,9123387.69470321,16.0263517508297,0,8.4075539402193
"Algeria",2011,"DZA",103,615,-14.887,14.9,2,5455.84340750883,0,9858280.77501889,16.1038223477874,0,8.60444249814163
"Algeria",2012,"DZA",103,615,-14.963,18.2,2,5592.22315165354,0,11994988.903146,16.2999995291322,0,8.62913218863489
"Algeria",2013,"DZA",103,615,-14.963,22.5,2,5499.58761944181,0,11960720.66417,16.2971385608729,0,8.61242839012624
"Algeria",2014,"DZA",103,615,-14.937,29.5,2,5493.05496199511,0,9158133.44140987,16.030152943114,0,8.61123983911727
"Algeria",2015,"DZA",103,615,-14.937,38.2,2,4177.88497642508,0,8997462,16.012453095531,0,8.33756041096326
"Algeria",2016,"DZA",103,615,-14.937,42.9455268800332,2,3946.45421049222,0,8479481.43402188,15.9531598542499,0,8.28057278651995
"Algeria",2017,"DZA",103,615,-14.813,47.6910551485548,2,4109.69600146627,30460943.717373,20232806.7597176,16.8228159419678,17.2319558871369,8.32110433917471
"Angola",2010,"AGO",104,540,0.623999999999999,2.8,-2,3587.88304121492,0,56215255.7634777,17.8446987328929,0,8.18531762543861
"Angola",2011,"AGO",104,540,1.344,4.7,-2,4615.47048481311,0,63807740.0122075,17.9713850577625,0,8.43716908861247
"Angola",2012,"AGO",104,540,1.303,7.7,-2,5100.09818959729,0,77318273.3250738,18.1634408805118,0,8.5370150713893
"Angola",2013,"AGO",104,540,2.166,13,-2,5254.883253258,0,74425976.4806505,18.1253155851113,0,8.566913066748
"Angola",2014,"AGO",104,540,2.166,21.4,-2,5408.40956818969,0,66932227.5861994,18.0191911368508,0,8.59571034861803
"Angola",2015,"AGO",104,540,1.611,22,-2,4166.97962608838,1497936105.00187,62212451,17.9460657145256,21.127354067595,8.33494674206286
"Angola",2016,"AGO",104,540,1.611,23.2,-2,3506.07154638169,0,69846182.933825,18.0618059955574,0,8.16225147211315
"Angola",2017,"AGO",104,540,5.792,26,-2,4095.81168620581,0,58642488.8281822,17.8869700571417,0,8.31772019061505
"Benin",2010,"BEN",52,434,26.372,3.13,7,757.697410781237,0,88931101.6889245,18.3033724895699,0,6.63028411172314
"Benin",2011,"BEN",52,434,27.38,4.14832306562512,7,876.5182690326,0,190873588.125728,19.0671219246229,0,6.77595754730734
"Benin",2012,"BEN",52,434,27.38,4.5,7,939.596762178182,0,76435048.8217058,18.151951903152,0,6.84545080682116
"Benin",2013,"BEN",52,434,27.38,4.9,7,1088.39447725809,0,33289803.5053999,17.3207617070225,0,6.99245893271218
"Benin",2014,"BEN",52,434,27.38,6,7,1180.62227838004,0,25255809.670988,17.0445667731996,0,7.07379693301652
"Benin",2015,"BEN",52,434,28.085,11.2549879092022,7,1075.9830077902,0,54438105,17.8125749261777,0,6.98098994858049
"Benin",2016,"BEN",52,434,25.185,14.5,7,1087.28820391554,0,68200298.6902187,18.0379595024261,0,6.99144198897542
"Benin",2017,"BEN",52,434,25.162,18.7,7,1136.59336022257,0,117163307.728214,18.5790793120979,0,7.03579078705691
"Botswana",2010,"BWA",68,571,28.525,6,8,6434.79449971516,0,104967964.661781,18.4691657631106,0,8.7694751847441
"Botswana",2011,"BWA",68,571,28.525,9,8,7617.29181109165,0,70389128.7185614,18.0695493875927,0,8.93817618014069
"Botswana",2012,"BWA",68,571,28.525,16,8,7070.29348540653,0,55161767.6646897,17.8257806565088,0,8.86365726940196
"Botswana",2013,"BWA",68,571,28.189,30,8,7224.89781291593,13131522.3553748,73951334.4876755,18.1189177927686,16.3905261843694,8.88528836933956
"Botswana",2014,"BWA",68,571,28.616,36.74474744423,8,7780.61876008584,0,56038281.2247586,17.8415456084552,0,8.95939114615463
"Botswana",2015,"BWA",68,571,28.616,37.3120503733278,8,6799.85966612953,0,50662901,17.740704465012,0,8.82465725361735
"Botswana",2016,"BWA",68,571,28.369,39.36299738,8,7243.95598219699,0,76468559.2910157,18.1523902246574,0,8.88792274253495
"Botswana",2017,"BWA",68,571,28.369,41.4137946360181,8,7893.36291956601,0,57906714.0233332,17.8743438947727,0,8.97377754857864
"Burundi",2010,"BDI",69,516,-35.939,1,6,234.23592149611,0,39294413.310594,17.4865929117878,0,5.45632881897566
"Burundi",2011,"BDI",69,516,-36.276,1.11,6,249.576733525465,0,65361178.6951329,17.9954390422447,0,5.51976641710827
"Burundi",2012,"BDI",69,516,-36.376,1.21999994477793,6,251.720169826907,0,58377930.7919007,17.8824484789783,0,5.52831803332443
"Burundi",2013,"BDI",69,516,-36.454,1.2642181112,6,256.975943416749,15191639.7598765,44840287.4275014,17.6186175662169,16.5362558187047,5.54898247513166
"Burundi",2014,"BDI",69,516,-37.339,1.4,6,274.862561058617,0,34452831.0326685,17.355101730064,0,5.61627119476727
"Burundi",2015,"BDI",69,516,-40.828,2,-1,276.626313067663,0,49757665,17.722675080053,0,5.62266754510252
"Burundi",2016,"BDI",69,516,-41.068,2.2,-1,279.37531893495,0,392641743.489203,19.7884081599038,0,5.63255610696879
"Burundi",2017,"BDI",69,516,-41.068,2.6607485347534,-1,304.592321082404,0,71128569.9554776,18.0799996418468,0,5.7189742303022
"Cabo Verde",2010,"CPV",70,402,21.003,30,10,3378.26634450933,0,31879488.7922987,17.2774733763844,0,8.1251179410651
"Cabo Verde",2011,"CPV",70,402,21.003,32,10,3738.19349231103,15985015.7531889,22355422.3887226,16.922579462069,16.5871623259738,8.22635775026893
"Cabo Verde",2012,"CPV",70,402,21.003,34.74,10,3467.46477481757,0,5363058.49971774,15.4950449859268,0,8.15117899346906
"Cabo Verde",2013,"CPV",70,402,21.003,37.5,10,3616.91704152375,1963223.55545337,6842470.38318249,15.7386593915255,14.4900983513659,8.19337729597543
"Cabo Verde",2014,"CPV",70,402,21.611,40.26,10,3585.23836947223,0,8544503.90101206,15.9607988156214,0,8.18458024161054
"Cabo Verde",2015,"CPV",70,402,21.611,42.6830141582781,10,3041.78040741969,0,13254351,16.399836433851,0,8.02019828330361
"Cabo Verde",2016,"CPV",70,402,25.108,50.3228178676892,10,3130.98682946837,0,21309870.6372391,16.8746809335373,0,8.0491035148239
"Cabo Verde",2017,"CPV",70,402,25.286,57.1621463484891,10,3292.63835713094,0,25766073.9993679,17.0645692233068,0,8.09944445464219
"Cameroon",2010,"CMR",108,471,-0.205,4.3,-4,1285.26166967473,0,17513673.7996253,16.6784924937695,0,7.15871761058685
"Cameroon",2011,"CMR",108,471,-0.698,5,-4,1403.2555961828,0,17209461.8950616,16.6609699007065,0,7.24655024182989
"Cameroon",2012,"CMR",108,471,-0.373,7.5,-4,1354.62305483868,0,25203386.3358235,17.0424889218594,0,7.21127850630132
"Cameroon",2013,"CMR",108,471,1.314,10,-4,1465.22248131788,0,34844619.8949441,17.3664093043419,0,7.28976237430175
"Cameroon",2014,"CMR",108,471,1.372,16.2148722257524,-4,1540.56873612806,0,41038393.4498563,17.5300186121019,0,7.33990693640389
"Cameroon",2015,"CMR",108,471,1.07,18.3,-4,1326.49862454799,0,90095462,18.3163803550504,0,7.19029813667412
"Cameroon",2016,"CMR",108,471,-6.156,20.6,-4,1364.3293914819,0,100718660.287535,18.427841646257,0,7.21841829860578
"Cameroon",2017,"CMR",108,471,-7.191,23.2029719748646,-4,1425.10607203572,0,78830610.1740455,18.1828119333847,0,7.26200152644879
"Central African Republic",2010,"CAF",71,482,-4.588,2,-1,487.945191738819,0,11011550.7345462,16.2144553466051,0,6.19020308753506
"Central African Republic",2011,"CAF",71,482,-5.357,2.2,-1,551.027897296534,0,11402255.7040326,16.2493217625661,0,6.31178543817348
"Central African Republic",2012,"CAF",71,482,-7.154,2.4,-1,565.832891054086,0,15365779.8866466,16.5476535096063,0,6.33829878912217
"Central African Republic",2013,"CAF",71,482,-8.371,2.5,0,380.190115322898,0,30552655.1797104,17.234962152398,0,5.94067143109168
"Central African Republic",2014,"CAF",71,482,-5.219,2.7,0,423.883961103728,0,47429529.1369125,17.6747555702673,0,6.04945974113352
"Central African Republic",2015,"CAF",71,482,-3.862,2.9,0,377.137510069731,0,69877834,18.0622590467566,0,5.93260986913913
"Central African Republic",2016,"CAF",71,482,-4.329,3.1,6,402.191525195065,0,71373930.9740251,18.0834432482314,0,5.99692840599538
"Central African Republic",2017,"CAF",71,482,-5.933,4,6,450.900697005372,0,68766923.4998327,18.0462334242161,0,6.11124713123505
"Chad",2010,"TCD",109,483,-26.288,1.7,-2,917.880124482655,0,128151946.72235,18.6687272016254,0,6.82206679874151
"Chad",2011,"TCD",109,483,-26.288,1.9,-2,1048.11805885819,0,110638760.089592,18.5217810385479,0,6.95475151011852
"Chad",2012,"TCD",109,483,-26.288,2.10000000005453,-2,1095.35496273448,0,105096306.456315,18.4703876920928,0,6.99883375660067
"Chad",2013,"TCD",109,483,-26.288,2.5,-2,1044.40177524798,0,93787511.2716205,18.3565422630187,0,6.95119953660137
"Chad",2014,"TCD",109,483,-26.288,2.9,-2,1061.17095896847,0,97409401.6887572,18.394433290533,0,6.96712825567019
"Chad",2015,"TCD",109,483,-26.288,3.5,-2,828.465788985983,0,77529502,18.1661690928545,0,6.71957554329949
"Chad",2016,"TCD",109,483,-26.288,5.8,-2,713.686355737002,0,72439382.8929842,18.0982606720722,0,6.57044358814961
"Chad",2017,"TCD",109,483,-26.288,7.4,-2,692.161629529632,0,56655628.442083,17.8525018951734,0,6.53981949702919
"Comoros",2010,"COM",153,581,-7.819,5.1,9,1315.21600248004,0,404385.777638765,12.9101245964664,0,7.18175619156369
"Comoros",2011,"COM",153,581,-7.979,5.5,9,1446.06985853468,0,618950.884359614,13.3357812017652,0,7.27660471312483
"Comoros",2012,"COM",153,581,-7.979,5.97529630842855,9,1403.42754144482,0,396430.592129385,12.8902562533577,0,7.24667276742598
"Comoros",2013,"COM",153,581,-8.433,6.5,9,1504.9194448314,0,309283.411375988,12.6420133244382,0,7.31649465072149
"Comoros",2014,"COM",153,581,-7.856,6.98,9,1511.81594059508,0,699835.040871952,13.4585999303571,0,7.32106681691883
"Comoros",2015,"COM",153,581,-8.304,7.459161385649,9,1242.10300779502,0,1419218,14.1656165736588,0,7.12456119608737
"Comoros",2016,"COM",153,581,-8.052,7.938322770803,9,1272.19407544296,0,1367791.87935374,14.1287082306156,0,7.14849830729545
"Comoros",2017,"COM",153,581,-7.691,8.47817029542124,9,1323.81170489724,0,1556632.82779503,14.2580356027075,0,7.18827050953819
"Cote d'Ivoire",2010,"CIV",64,437,-7.554,2.7,0,1279.11590606267,0,69086793.3194393,18.0508741462954,0,7.1539244198831
"Cote d'Ivoire",2011,"CIV",64,437,-6.212,2.9,4,1359.79904138624,124061473.494068,58513385.2692836,17.8847660940515,18.6362877547083,7.21509220412538
"Cote d'Ivoire",2012,"CIV",64,437,-5.995,4.4,4,1461.62137137244,0,102818625.839813,18.4484770797855,0,7.28730162685922
"Cote d'Ivoire",2013,"CIV",64,437,-5.925,6.6,4,1756.82408645733,0,94491240.6407792,18.3640176965359,0,7.47126296163637
"Cote d'Ivoire",2014,"CIV",64,437,-5.36,10,4,2042.2791298561,0,110466274.631195,18.5202208253795,0,7.62182168372956
"Cote d'Ivoire",2015,"CIV",64,437,-4.954,16.7,4,1971.05367368943,0,62317258,17.9477489598425,0,7.58632353848637
"Cote d'Ivoire",2016,"CIV",64,437,-4.954,25.3,4,2013.38241062217,0,134184206.297554,18.7147240877784,0,7.6075713781005
"Cote d'Ivoire",2017,"CIV",64,437,-4.023,34.8,4,2111.02680890969,0,167053438.128101,18.9338243079866,0,7.6549297473933
"Democratic Republic of the Congo",2010,"COD",111,490,-26.143,0.72,5,334.021982444468,0,253652750.486302,19.3514767655464,0,5.81120680651294
"Democratic Republic of the Congo",2011,"COD",111,490,-26.801,1.2,5,387.082064869688,0,267061278.792049,19.4029886986159,0,5.95863672447637
"Democratic Republic of the Congo",2012,"COD",111,490,-27.213,1.679961014645,5,424.600876031981,0,287235063.291156,19.4758114743547,0,6.05114961246058
"Democratic Republic of the Congo",2013,"COD",111,490,-27.862,2.2,5,457.851081861126,0,307027560.751452,19.5424480759567,0,6.12654398246703
"Democratic Republic of the Congo",2014,"COD",111,490,-27.831,3,5,486.787260165911,0,332789055.409657,19.6230193799813,0,6.18782719019966
"Democratic Republic of the Congo",2015,"COD",111,490,-27.715,3.799999507273,5,497.316613733383,0,353637420,19.6837827089205,0,6.20922687303192
"Democratic Republic of the Congo",2016,"COD",111,490,-28.131,6.20997406030119,-3,511.968008033703,0,354833462.807333,19.6871591185164,0,6.23826213877811
"Democratic Republic of the Congo",2017,"COD",111,490,-28.131,8.61990491569355,-3,462.445160674736,0,423605804.278213,19.8643138738597,0,6.13652797840824
"Djibouti",2010,"DJI",113,522,-27.307,6.5,2,1480.18884152596,0,12773188.095356,16.3628588519289,0,7.29992495424418
"Djibouti",2011,"DJI",113,522,-26.383,7,2,1702.98551284239,0,26586207.0302723,17.0959031065708,0,7.44013817378117
"Djibouti",2012,"DJI",113,522,-26.147,9.4,2,1964.19447352182,0,12202184.9387961,16.3171255870121,0,7.58283750311714
"Djibouti",2013,"DJI",113,522,-26.38,12.7,3,2312.72880346916,0,12388182.7444483,16.3322535716978,0,7.74618340653286
"Djibouti",2014,"DJI",113,522,-26.392,17,3,2466.02061291533,0,22181106.5569228,16.9147514284943,0,7.8103610425358
"Djibouti",2015,"DJI",113,522,-26.661,22.9,3,2675.60537466251,0,19375653,16.7795278358616,0,7.8919309420113
"Djibouti",2016,"DJI",113,522,-27.023,30.8,3,2818.3768555531,0,8666751.617548,15.9750046092944,0,7.9439164150834
"Djibouti",2017,"DJI",113,522,-27.415,55.6814092453962,3,2930.69696313399,0,14600328.5974243,16.4965545930982,0,7.98299554510099
"Egypt",2010,"EGY",13,651,-29.213,21.6,-3,2593.36840540137,0,1462459581.21579,21.1033854999129,0,7.86071285234657
"Egypt",2011,"EGY",13,651,-27.909,25.6,-2,2733.9684540041,0,1360608554.39655,21.0311979030792,0,7.91350947881356
"Egypt",2012,"EGY",13,651,-25.663,26.4,-3,3199.82772743091,0,1418783099.83185,21.0730653691998,0,8.07085225216081
"Egypt",2013,"EGY",13,651,-25.858,29.4,-4,3062.98901242229,0,1533472314.837,21.1508004877769,0,8.02714651963153
"Egypt",2014,"EGY",13,651,-24.6,33.8946039115275,-4,3328.17534179583,0,672856490.491421,20.3270426263733,0,8.11017948739089
"Egypt",2015,"EGY",13,651,-24.25,37.8193834276939,-4,3437.21122973619,154772997.281075,1446473894,21.0923946345163,18.8574700677354,8.14241573255121
"Egypt",2016,"EGY",13,651,-23.654,41.2480670885772,-4,2861.42837598669,0,1318450795.73463,20.9997232446954,0,7.95907621130234
"Egypt",2017,"EGY",13,651,-23.964,44.9502042452857,-4,2023.33115783562,0,311318950.574964,19.5563285091612,0,7.61250052018006
"Equatorial Guinea",2010,"GNQ",160,411,-36.92,6,-6,17272.002599381,0,114951.696109956,11.65226728528,0,9.75684212269145
"Equatorial Guinea",2011,"GNQ",160,411,-37.046,11.5,-6,21613.5080876662,0,46095.129525028,10.738462573187,0,9.98107377263615
"Equatorial Guinea",2012,"GNQ",160,411,-35.535,13.9431821913076,-6,21712.3725948603,0,358851.326359158,12.7906634489895,0,9.98563754270763
"Equatorial Guinea",2013,"GNQ",160,411,-35.535,16.4,-6,20384.8834931324,0,186178.079979354,12.1344589139057,0,9.92254889991362
"Equatorial Guinea",2014,"GNQ",160,411,-35.535,18.86,-6,19368.3020053481,0,190753.481558651,12.1587372009259,0,9.87139309150273
"Equatorial Guinea",2015,"GNQ",160,411,-35.535,21.3199999,-6,11274.9285038777,0,232538,12.3568089315148,0,9.33033682323128
"Equatorial Guinea",2016,"GNQ",160,411,-35.535,23.7799999,-6,9250.32904868858,0,920573.365277644,13.7327519780302,0,9.13241440270497
"Equatorial Guinea",2017,"GNQ",160,411,-35.382,26.239999,-6,9667.89967137865,0,3345941.03498405,15.0232585378345,0,9.17656636437799
"Ethiopia",2010,"ETH",38,530,-31.567,0.75,-3,300.220310475965,0,781573367.80111,20.4768195841629,0,5.70451657339299
"Ethiopia",2011,"ETH",38,530,-31.447,1.1,-3,338.134764821317,0,641022817.013481,20.2785756102163,0,5.82344452850742
"Ethiopia",2012,"ETH",38,530,-31.333,2.9,-3,455.212790462766,0,735071258.842237,20.4154780032835,0,6.12076498097353
"Ethiopia",2013,"ETH",38,530,-31.519,4.6,-3,487.934517848934,0,670360511.6241,20.3233262026886,0,6.19018121211378
"Ethiopia",2014,"ETH",38,530,-31.244,7.7,-3,552.155094916727,0,672277980.573701,20.3261824745211,0,6.31382897586473
"Ethiopia",2015,"ETH",38,530,-31.257,13.8551755555556,-3,625.560284122339,0,727098908,20.4045730757625,0,6.4386477027567
"Ethiopia",2016,"ETH",38,530,-30.536,15.3669238595896,-3,696.479170993623,0,976592799.658514,20.6995803366981,0,6.54603788752305
"Ethiopia",2017,"ETH",38,530,-27.265,18.6180514528264,-3,721.75349402881,0,974105969.464165,20.6970306539065,0,6.58168365958267
"Gabon",2010,"GAB",116,481,-8.952,13,3,8840.75942283976,0,2342763.36910752,14.6668417175571,0,9.0871280595029
"Gabon",2011,"GAB",116,481,-8.952,18,3,10795.5222685335,0,1568383.03146829,14.2655557303341,0,9.28688672237458
"Gabon",2012,"GAB",116,481,-8.952,24,3,9814.05035944483,0,2593942.68143833,14.7686895470216,0,9.19157034802499
"Gabon",2013,"GAB",116,481,-8.952,30.53803344,3,9680.78824833795,648358671.19587,5292536.91973237,15.4818082578256,20.2899546061211,9.17789860756876
"Gabon",2014,"GAB",116,481,-8.952,38.07120929,3,9650.53010521175,0,7303166.67427026,15.8038186030544,0,9.17476812600682
"Gabon",2015,"GAB",116,481,-8.952,45.78453653,3,7379.16192787634,0,10192343,16.137147310074,0,8.90641535123775
"Gabon",2016,"GAB",116,481,-8.952,48.0522737506185,3,6984.42048898352,0,2836928.34775687,14.8582324571297,0,8.85143730317891
"Gabon",2017,"GAB",116,481,-8.952,50.3201201533544,3,7230.47277378275,0,2760866.5481836,14.8310551551493,0,8.88605970357964
"Gambia",2010,"GMB",117,420,-13.929,9.2,-5,860.639297194254,0,5914925.30859693,15.5929894278588,0,6.75767548191632
"Gambia",2011,"GMB",117,420,-13.929,10.8703,-5,762.760534074215,0,3002922.34703358,14.9150964881675,0,6.63694413415263
"Gambia",2012,"GMB",117,420,-13.929,12.4492287209242,-5,742.779573661051,0,2262558.93086303,14.6320070010073,0,6.61039932999039
"Gambia",2013,"GMB",117,420,-14.806,14,-5,700.514871454325,0,2887037.82852369,14.8757415616156,0,6.55181559532234
"Gambia",2014,"GMB",117,420,-14.277,15.56,-5,607.428962758229,0,2086815.08839459,14.5511495805023,0,6.40923523464611
"Gambia",2015,"GMB",117,420,-14.322,18.2,-5,660.723445466416,0,2282527,14.640793720516,0,6.49333536420375
"Gambia",2016,"GMB",117,420,-13.189,21.4,-5,682.718450375354,0,2512515.36840555,14.7367949481091,0,6.52608254965646
"Gambia",2017,"GMB",117,420,21.006,25.1,4,679.778472752176,0,7865081.56562584,15.8779434651297,0,6.52176696972938
"Ghana",2010,"GHA",7,452,20.628,7.8,8,1718.64703824967,0,195891931.681781,19.0930736961645,0,7.44929265460213
"Ghana",2011,"GHA",7,452,20.206,9,8,2062.80661825737,0,274514323.022163,19.4305139961397,0,7.63182277055704
"Ghana",2012,"GHA",7,452,23.179,10.6,8,2135.39810157997,1321296123.1621,262681580.850868,19.3864531374312,21.0018790032714,7.66640837272066
"Ghana",2013,"GHA",7,452,23.852,15,8,2394.13713258138,0,142644679.924039,18.7758673403194,0,7.7807781662574
"Ghana",2014,"GHA",7,452,23.74,19,8,2010.06151076541,0,121939371.501145,18.6190345242659,0,7.60592060295573
"Ghana",2015,"GHA",7,452,24.066,23,8,1796.60107843024,0,195498420,19.0910628555156,0,7.49365186905666
"Ghana",2016,"GHA",7,452,23.949,28,8,1971.95707302685,0,214335011.578651,19.1830508235746,0,7.58678176668369
"Ghana",2017,"GHA",7,452,23.949,37.8841526162936,8,2074.1754430366,0,282382639.024264,19.4587735851506,0,7.63731897683986
"Guinea",2010,"GIN",63,438,-15.18,1,1,672.424401611989,0,21923292.4006405,16.9030602095242,0,6.5108896911972
"Guinea",2011,"GIN",63,438,-15.656,2,1,651.135312182869,0,19660273.1708572,16.7941105673404,0,6.47871747342563
"Guinea",2012,"GIN",63,438,-15.614,3.1,1,717.050595687462,0,19653671.3498394,16.7937747159696,0,6.57514640392233
"Guinea",2013,"GIN",63,438,-15.264,4.5,4,769.003455393265,0,26058919.8718921,17.0758706810619,0,6.6450954628548
"Guinea",2014,"GIN",63,438,-14.644,6.4,4,787.237719013771,0,36834356.4976151,17.421941568084,0,6.66853026000397
"Guinea",2015,"GIN",63,438,-14.361,9.2,4,769.256011304591,0,81616055,18.2175365530321,0,6.64542382867222
"Guinea",2016,"GIN",63,438,-13.691,13.1,4,732.962917590993,0,141366756.969819,18.7668681845632,0,6.59709511069015
"Guinea",2017,"GIN",63,438,-13.691,18.7,4,855.575057100785,0,90400693.8352582,18.3197625005017,0,6.75177382425968
"Guinea-Bissau",2010,"GNB",119,404,-11.586,2.45,6,557.632108337777,0,6252026.74693827,15.6484162486555,0,6.32369944089065
"Guinea-Bissau",2011,"GNB",119,404,-8.351,2.672,6,702.742264679415,0,1616120.9328999,14.2955393499785,0,6.55499020251071
"Guinea-Bissau",2012,"GNB",119,404,-8.896,2.89399062085531,1,616.411096613881,0,11780029.0458248,16.2819162018744,0,6.42391410557769
"Guinea-Bissau",2013,"GNB",119,404,-8.338,3.1,1,634.483314419106,0,8002963.27686442,15.8953224406675,0,6.45281098959685
"Guinea-Bissau",2014,"GNB",119,404,-8.028,3.32,6,622.482592104675,0,3207896.49345577,14.9811259823158,0,6.43371566345737
"Guinea-Bissau",2015,"GNB",119,404,-8.185,6.1,6,602.944677244278,0,1675527,14.3316383006223,0,6.40182544665472
"Guinea-Bissau",2016,"GNB",119,404,-8.587,13.8,6,661.455933204141,0,9951879.26319242,16.1132719619736,0,6.49444336486459
"Guinea-Bissau",2017,"GNB",119,404,-8.587,14.8,6,738.550285851862,0,10908268.5783776,16.2050316447913,0,6.60468919153123
"Kenya",2010,"KEN",40,501,10.041,7.2,8,1042.56231198103,0,530192228.24604,20.0887501935564,0,6.94943672357114
"Kenya",2011,"KEN",40,501,11.477,8.8,8,1064.42318457873,0,651932604.955754,20.295451747916,0,6.97018832069526
"Kenya",2012,"KEN",40,501,11.477,10.5,8,1245.37550896512,0,762124931.61443,20.4516210524621,0,7.12719237704916
"Kenya",2013,"KEN",40,501,10.759,13,9,1325.97630745943,0,936332391.871095,20.6574810909223,0,7.18990430290852
"Kenya",2014,"KEN",40,501,11.712,16.5,9,1441.46059501358,0,858603869.885823,20.5708182209491,0,7.27341218060602
"Kenya",2015,"KEN",40,501,11.712,16.5878548475992,9,1464.55479705113,0,821910490,20.5271420541471,0,7.28930658246853
"Kenya",2016,"KEN",40,501,11.712,16.6,9,1525.23555728956,0,911656576.674609,20.630773916458,0,7.32990414090964
"Kenya",2017,"KEN",40,501,10.591,17.8271002088645,9,1634.0687435385,0,957040407.368417,20.6793561714814,0,7.398828345244
"Lesotho",2010,"LSO",85,570,-0.461,3.86,8,1119.63393017931,0,42550332.700966,17.5661982320122,0,7.02075706280849
"Lesotho",2011,"LSO",85,570,-0.461,7,8,1287.04828932245,0,95645418.1249313,18.3761583501933,0,7.1601067277333
"Lesotho",2012,"LSO",85,570,0.694,10,8,1229.93679951398,0,118368875.772297,18.5893163723121,0,7.11471806453738
"Lesotho",2013,"LSO",85,570,-0.267,15,8,1166.20272264232,0,167581181.868359,18.9369784596867,0,7.0615082134126
"Lesotho",2014,"LSO",85,570,-0.267,22,8,1194.58226133975,0,71919773.4095438,18.0910617975324,0,7.08555183115041
"Lesotho",2015,"LSO",85,570,-0.267,25,8,1146.02364171707,0,29082431,17.1856448041094,0,7.04405352683246
"Lesotho",2016,"LSO",85,570,-0.267,32.4538569477365,8,1027.22505584947,0,40232066.6349586,17.5101749131002,0,6.93461632501503
"Lesotho",2017,"LSO",85,570,-0.267,39,8,1101.80339737063,0,72443872.9369501,18.0983226536165,0,7.00470356850693
"Liberia",2010,"LBR",86,450,2.756,2.3,6,332.017939247913,0,135747689.003859,18.7263084927208,0,5.80518900133597
"Liberia",2011,"LBR",86,450,2.284,2.5,6,382.830571584961,0,156551042.162768,18.8688926627747,0,5.94759251946452
"Liberia",2012,"LBR",86,450,2.697,2.6,6,419.280216284757,0,182824874.067875,19.0240392803087,0,6.0385394703418
"Liberia",2013,"LBR",86,450,2.697,3.2,6,455.708049320039,0,173366145.945198,18.970916366486,0,6.12185236175228
"Liberia",2014,"LBR",86,450,4.121,5.41,6,470.924916722216,0,205288010.323293,19.1399244795205,0,6.15469866882953
"Liberia",2015,"LBR",86,450,4.121,10,6,596.793993153304,0,514259617,20.0582387873434,0,6.39157198374725
"Liberia",2016,"LBR",86,450,3.692,15.7,6,601.074346814012,0,443395873.019617,19.9099735475245,0,6.39871863206574
"Liberia",2017,"LBR",86,450,1.738,16.3,6,587.594045883801,0,325902299.579644,19.6021081998726,0,6.37603631130727
"Madagascar",2010,"MDG",125,580,-13.89,1.7,0,471.959211584134,0,60234743.8758213,17.9137598845917,0,6.15689256571616
"Madagascar",2011,"MDG",125,580,-13.89,1.9,3,531.265505399334,2177622.62094404,85818733.5171134,18.2677478799859,14.5937442988416,6.27526190644675
"Madagascar",2012,"MDG",125,580,-13.89,2.3,3,518.152727794617,0,52503702.7700656,17.7763942540284,0,6.25027004010468
"Madagascar",2013,"MDG",125,580,-12.972,3,3,541.066046130346,0,58400215.9554242,17.8828301456585,0,6.29354135296694
"Madagascar",2014,"MDG",125,580,-6.813,3.7,6,530.861248727635,0,66542798.8813481,18.0133558908102,0,6.27450068526547
"Madagascar",2015,"MDG",125,580,-6.491,4.173972190007,6,467.23527206476,0,152487756,18.8425948622639,0,6.14683292537824
"Madagascar",2016,"MDG",125,580,-6.491,4.713662899498,6,475.955561820822,0,102900855.058401,18.4492765103752,0,6.16532449235405
"Madagascar",2017,"MDG",125,580,-6.491,9.8,6,515.29330322138,0,109545127.019671,18.5118471412243,0,6.24473625936652
"Malawi",2010,"MWI",87,553,2.406,2.26,6,478.668730075298,0,107407271.58273,18.4921384433591,0,6.17100877167303
"Malawi",2011,"MWI",87,553,2.512,3.33,6,561.803778250998,0,151212193.805397,18.834194665319,0,6.3311526399074
"Malawi",2012,"MWI",87,553,3,4.3506,6,409.861742579037,0,171016591.321114,18.95727113503,0,6.01581988960733
"Malawi",2013,"MWI",87,553,3.599,5.05,6,386.865815377034,0,212234239.598438,19.1732011264456,0,5.95807790261303
"Malawi",2014,"MWI",87,553,4.032,5.83,6,445.427757110015,0,230331204.248102,19.2550288495252,0,6.09903507239207
"Malawi",2015,"MWI",87,553,4.196,6,6,490.642934155297,0,209584843,19.1606391938651,0,6.19571664156093
"Malawi",2016,"MWI",87,553,6.054,6.3,6,414.048420040209,0,383372166.351103,19.7645167890472,0,6.02598292360528
"Malawi",2017,"MWI",87,553,6.483,7,6,506.137215092798,0,463386393.429083,19.9540718070565,0,6.2268078085986
"Mali",2010,"MLI",28,432,-7.847,2,7,709.581933678061,0,185328093.83809,19.0376382924893,0,6.56467597080382
"Mali",2011,"MLI",28,432,-7.847,2.2,7,836.509838353643,0,247474410.896009,19.3268177443087,0,6.72923828168903
"Mali",2012,"MLI",28,432,-7.417,2.8,0,778.669553921275,0,362668541.864714,19.7089998672815,0,6.65758676321998
"Mali",2013,"MLI",28,432,-6.588,3.5,5,805.221533627456,0,173658822.159486,18.9726031401223,0,6.69111743661154
"Mali",2014,"MLI",28,432,-6.136,7,5,849.663613810295,0,190602100.153307,19.0656985677664,0,6.7448405226968
"Mali",2015,"MLI",28,432,-5.782,10.33,5,750.904061737726,0,163754257,18.9138774290883,0,6.62127789625052
"Mali",2016,"MLI",28,432,-6.875,14,5,780.723766968232,0,188542805.080393,19.0548356217276,0,6.66022139581418
"Mali",2017,"MLI",28,432,-10.292,18.9,5,830.021399627476,0,243292832.565477,19.3097763480739,0,6.72145148314198
"Mauritania",2010,"MRT",65,435,-0.834000000000001,4,-2,1610.92293514646,0,9431648.78845389,16.059581484337,0,7.38456254537632
"Mauritania",2011,"MRT",65,435,-2.294,4.5,-2,1879.7691980182,0,40676701.4333624,17.5211660401481,0,7.53890428127591
"Mauritania",2012,"MRT",65,435,-2.294,5,-2,1815.21893916998,0,24649302.7861209,17.0202591735143,0,7.50396136706588
"Mauritania",2013,"MRT",65,435,-2.294,6.2,-2,1892.09758467879,0,50166053.32021,17.7308491272351,0,7.54544132580754
"Mauritania",2014,"MRT",65,435,-2.294,11.8,-2,1674.17707735165,0,15044849.9215868,16.5265462926949,0,7.42307702642971
"Mauritania",2015,"MRT",65,435,-2.294,17.6,-2,1524.07444725457,0,25589759,17.0577027903503,0,7.32914258495805
"Mauritania",2016,"MRT",65,435,-2.294,24.1,-2,1536.85524567751,0,14309039.0680491,16.4764019981982,0,7.33749355932299
"Mauritania",2017,"MRT",65,435,-3.579,24.2,-2,1587.86335345695,0,14504669.4128441,16.4899811840228,0,7.37014458864425
"Mauritius",2010,"MUS",180,590,14.686,28.33,10,8016.05081140719,0,528528.685901925,13.1778523607796,0,8.98920116205296
"Mauritius",2011,"MUS",180,590,15.209,34.95,10,9206.77608943341,5439206.60772255,1108874.78756746,13.918856354248,15.5091437640272,9.1276950233911
"Mauritius",2012,"MUS",180,590,15.366,35.42,10,9308.98143917231,111325939.088703,538865.389409472,13.1972210773452,18.5279728446963,9.13873495925612
"Mauritius",2013,"MUS",180,590,15.366,40.116825135,10,9661.5870286656,8069449.4771252,849060.567179711,13.6518858021832,15.9035958194712,9.1759132023944
"Mauritius",2014,"MUS",180,590,17.125,44.8032753683379,10,10182.835368657,28924237.3875108,1150656.50159105,13.9558432084033,17.1801904655283,9.22845877476777
"Mauritius",2015,"MUS",180,590,17.125,50.1393184766711,10,9283.60106774753,7954995.46845831,527771,13.1764177564869,15.8893106501069,9.13600479660332
"Mauritius",2016,"MUS",180,590,17.27,52.19132594,10,9693.9604408917,0,841290.684943761,13.6426925212605,0,9.17925833561421
"Mauritius",2017,"MUS",180,590,16.757,55.4032403002657,10,10485.8510872505,0,485923.257234117,13.0938059834883,0,9.25778211193022
"Morocco",2010,"MAR",90,600,-0.383,52,-6,2882.11052796657,0,94759711.7234459,18.3668548950747,0,7.96627812695752
"Morocco",2011,"MAR",90,600,0.498000000000001,46.107482597,-4,3092.28363505023,0,234738494.448524,19.2739826629177,0,8.03666513740519
"Morocco",2012,"MAR",90,600,0.498000000000001,55.4160531914894,-4,2956.0836004682,0,234802991.51899,19.2742573865483,0,7.991620563288
"Morocco",2013,"MAR",90,600,0.498000000000001,56,-4,3168.42274041142,0,270534389.586132,19.4159097815753,0,8.06098918481832
"Morocco",2014,"MAR",90,600,0.498000000000001,56.8,-4,3219.45539330347,402266922.090502,150266098.166914,18.8279182681821,19.8126264115423,8.07696749171949
"Morocco",2015,"MAR",90,600,0.498000000000001,57.0799993486116,-4,2918.89183579916,0,93292012,18.3512450458608,0,7.97895931494287
"Morocco",2016,"MAR",90,600,0.498000000000001,58.271236420398,-4,2941.15667551377,0,124618167.526613,18.6407649604835,0,7.9865582100061
"Morocco",2017,"MAR",90,600,0.349000000000001,61.7622120123071,-4,3082.59930446197,0,71807198.9313095,18.0894952926597,0,8.03352845007903
"Mozambique",2010,"MOZ",57,541,11.398,4.17,5,471.90421957869,0,264930600.196511,19.3949784636015,0,6.15677604037215
"Mozambique",2011,"MOZ",57,541,10.457,4.6,5,594.586284005526,0,330569432.342621,19.6163272779228,0,6.38786584269875
"Mozambique",2012,"MOZ",57,541,10.1,5,5,657.645305683822,0,413196637.622695,19.8394341577679,0,6.48866573687338
"Mozambique",2013,"MOZ",57,541,8.268,5.5,5,664.077191850731,0,536574722.158926,20.1007163874271,0,6.49839839550685
"Mozambique",2014,"MOZ",57,541,8.576,6,5,673.96951752276,0,436623165.881391,19.89458106041,0,6.51318488366221
"Mozambique",2015,"MOZ",57,541,8.942,6.5,5,589.859391814736,6381457.76357292,321802153,19.5894474829912,15.6689071188094,6.37988418953922
"Mozambique",2016,"MOZ",57,541,9.498,7,5,428.926337717007,0,400215114.061765,19.8075127456721,0,6.06128519723133
"Mozambique",2017,"MOZ",57,541,10.111,7.8,5,461.414753539833,0,493668580.079237,20.0173749594766,0,6.1342973208241
"Namibia",2010,"NAM",127,565,17.45,11.6,6,5324.60106461531,0,106555756.206233,18.4841789385713,0,8.58009307032804
"Namibia",2011,"NAM",127,565,17.45,12,6,5753.96968577464,0,117045044.500718,18.5780694144028,0,8.65764527572338
"Namibia",2012,"NAM",127,565,16.977,12.9414,6,5930.51876348944,0,131234131.008931,18.6924935455276,0,8.68786696936104
"Namibia",2013,"NAM",127,565,18.461,13.9,6,5445.16956326712,0,161394379.410196,18.8993614892173,0,8.60248417597808
"Namibia",2014,"NAM",127,565,17.387,14.84,6,5464.99149427586,0,167950218.77219,18.9391781766248,0,8.60611784420977
"Namibia",2015,"NAM",127,565,17.48,25.68785182,6,4896.60121818794,31819981.8738332,82894406,18.2330781389385,17.2756050112268,8.49629661448563
"Namibia",2016,"NAM",127,565,15.91,31.0333459383454,6,4546.99689328274,0,61905663.3345933,17.9411222251433,0,8.42222227057928
"Namibia",2017,"NAM",127,565,15.764,36.8374064743256,6,5363.90754125476,0,55565816.0577916,17.8330787510376,0,8.58744800735047
"Niger",2010,"NER",60,436,-10.085,0.83,3,463.52227201232,0,87710823.6008002,18.2895558659279,0,6.13885443565797
"Niger",2011,"NER",60,436,-10.938,0.9,6,502.537549065981,0,93389959.8083607,18.3522944007224,0,6.21967036165091
"Niger",2012,"NER",60,436,-11.291,1.05,6,515.121645200134,0,98483429.3194802,18.4053988617309,0,6.244403077044
"Niger",2013,"NER",60,436,-10.394,1.15,6,548.383739197658,0,107093905.719529,18.4892166310868,0,6.3069752958949
"Niger",2014,"NER",60,436,-11.057,1.24867568902241,6,565.331434104258,0,85489990.2657717,18.2639098541385,0,6.3374121681927
"Niger",2015,"NER",60,436,-11.038,2.476219975,6,483.786825706953,90209648.6123172,139146411,18.7510372532931,18.3176469484065,6.181644366939
"Niger",2016,"NER",60,436,-10.974,4.32275803028068,5,500.214763167901,0,87989514.6711752,18.2927282138795,0,6.21503753253796
"Niger",2017,"NER",60,436,-10.974,10.2243115586561,5,517.771880927234,0,124860712.47062,18.6427093737374,0,6.24953476095147
"Nigeria",2010,"NGA",45,475,8.779,11.5,4,2292.44477487332,1028431054.04026,390487249.346638,19.7829058745896,20.7513002293609,7.73737411436318
"Nigeria",2011,"NGA",45,475,9.113,13.8,4,2520.40393639792,0,418812885.941995,19.8529348052122,0,7.83217445988144
"Nigeria",2012,"NGA",45,475,9.113,16.1,4,2746.99089582092,0,363020092.638781,19.7099687423193,0,7.91826137186369
"Nigeria",2013,"NGA",45,475,9.113,19.1,4,2998.07154582884,0,596094006.805592,20.2059089421312,0,8.00572454289708
"Nigeria",2014,"NGA",45,475,9.19,21,4,3222.69210575221,0,564076845.863042,20.1507010517112,0,8.07797234692393
"Nigeria",2015,"NGA",45,475,7.677,24.5,7,2730.427139224,0,445105372,19.9138216031112,0,7.91221333719443
"Nigeria",2016,"NGA",45,475,7.677,25.67,7,2175.99806938747,0,548141444.226025,20.1220439215092,0,7.68524272074542
"Nigeria",2017,"NGA",45,475,7.677,28,7,1968.68723730121,0,661387195.657096,20.3098499988705,0,7.58512222259973
"Republic of the Congo",2010,"COG",112,484,-25.123,5,-4,3200.48498849609,0,11261311.7746102,16.2368836725236,0,8.07105763620896
"Republic of the Congo",2011,"COG",112,484,-25.123,5.6,-4,3741.57944990678,0,4103076.00360608,15.2272474951636,0,8.22726311406892
"Republic of the Congo",2012,"COG",112,484,-25.123,6.10669502435836,-4,3923.09149307029,0,12962084.2679586,16.3775390591027,0,8.27463526815791
"Republic of the Congo",2013,"COG",112,484,-25.123,6.6,-4,3883.74217733555,0,9002865.82848111,16.0130535100007,0,8.26455444650131
"Republic of the Congo",2014,"COG",112,484,-25.123,7.11,-4,3749.17972008883,0,5411391.18416552,15.5040167682578,0,8.22929235372744
"Republic of the Congo",2015,"COG",112,484,-25.296,7.61597466209,-4,2419.76585984367,0,2483823,14.725309463458,0,7.79142606233923
"Republic of the Congo",2016,"COG",112,484,-25.296,8.121949323466,-4,2038.16964387781,0,4278867.95602254,15.2691990363163,0,7.61980745069022
"Republic of the Congo",2017,"COG",112,484,-25.048,8.65,-4,2154.62904756859,0,1223422.98616115,14.0171632143677,0,7.67537385202177
"Rwanda",2010,"RWA",129,517,-10.251,8,-4,609.642747573332,1357006.64750197,127069025.172993,18.6602410020765,14.12079183748,6.41287312588587
"Rwanda",2011,"RWA",129,517,-10.251,7,-4,668.538151801219,0,164021672.116117,18.9155091241073,0,6.50509346567077
"Rwanda",2012,"RWA",129,517,-10.333,8.02385427694765,-4,725.240048834076,0,168010056.154993,18.9395343936415,0,6.58650270189266
"Rwanda",2013,"RWA",129,517,-9.324,9,-3,722.916098796896,0,165243924.196308,18.9229332686756,0,6.58329316950084
"Rwanda",2014,"RWA",129,517,-9.267,10.6,-3,743.499539073187,0,164983436.889314,18.9213556443372,0,6.6113681459581
"Rwanda",2015,"RWA",129,517,-9.319,18,-3,749.92522686616,0,185421538,19.0381423747911,0,6.61997350404844
"Rwanda",2016,"RWA",129,517,-8.156,20,-3,744.804616683734,0,196106711.7476,19.0941695167288,0,6.61312192449861
"Rwanda",2017,"RWA",129,517,-8.449,21.7676326213782,-3,772.293170230827,0,178775184.400926,19.0016396213675,0,6.64936423212141
"Senegal",2010,"SEN",31,433,11.39,8,7,1319.16853296199,0,112444137.595422,18.5379671015773,0,7.1847569178393
"Senegal",2011,"SEN",31,433,11.39,9.8,7,1426.98965735411,0,129154611.964332,18.6765207870066,0,7.26332236962584
"Senegal",2012,"SEN",31,433,11.685,10.8,7,1372.59163185576,0,141616590.007241,18.7686338934292,0,7.22445593389159
"Senegal",2013,"SEN",31,433,11.751,13.1,7,1393.80199964728,0,206830698.723264,19.1474111360189,0,7.23979054367643
"Senegal",2014,"SEN",31,433,11.775,17.7,7,1394.79979663471,0,272036953.69673,19.4214484742114,0,7.24050616899901
"Senegal",2015,"SEN",31,433,11.775,21.7,7,1218.33197219455,0,321282763,19.5878321749657,0,7.10523796630137
"Senegal",2016,"SEN",31,433,11.599,25.6647680413953,7,1269.90328828163,0,194515407.068301,19.0860219316043,0,7.14669602559366
"Senegal",2017,"SEN",31,433,11.599,29.6431236694156,7,1361.70221434375,0,177246372.663631,18.993051258646,0,7.21649082429044
"Sierra Leone",2010,"SLE",95,451,7.524,0.58,7,401.8349986879,0,25383091.1744864,17.0495938085191,0,5.99604155333582
"Sierra Leone",2011,"SLE",95,451,8.15,0.9,7,448.337521892978,0,29845695.2808105,17.2115511757052,0,6.10554634583641
"Sierra Leone",2012,"SLE",95,451,8.708,2.5,7,566.37839837311,0,22613639.8242425,16.9340638142364,0,6.33926240318667
"Sierra Leone",2013,"SLE",95,451,8.591,4,7,716.835200535142,0,19391092.8220956,16.7803243857181,0,6.5748459683444
"Sierra Leone",2014,"SLE",95,451,8.591,6.057298984,7,714.703608456142,0,20123569.5368716,16.8174022998295,0,6.57186792312342
"Sierra Leone",2015,"SLE",95,451,8.591,6.344421603,7,592.325559617412,0,83081468,18.235332226532,0,6.3840564155131
"Sierra Leone",2016,"SLE",95,451,8.372,11.77318438,7,527.058106795001,0,163649224.171174,18.9132358181191,0,6.26731080203628
"Sierra Leone",2017,"SLE",95,451,8.372,13.2369304328394,7,499.381239795314,0,78350074.7315778,18.1766974805831,0,6.21336981165211
"South Africa",2010,"ZAF",8,560,17.834,24,9,7328.59364560831,0,523849474.332964,20.0767149382941,0,8.89953891366344
"South Africa",2011,"ZAF",8,560,17.602,33.97,9,8007.44161996444,44655828.7963681,531789478.294942,20.0917582514984,17.6144954009182,8.98812659078729
"South Africa",2012,"ZAF",8,560,16.081,41,9,7501.59853249481,191038919.069834,533206146.080018,20.0944186729841,19.0679877300172,8.92287141447977
"South Africa",2013,"ZAF",8,560,15.878,46.5,9,6829.28949392442,0,488957052.805298,20.0077852170081,0,8.82897591990976
"South Africa",2014,"ZAF",8,560,16.854,49,9,6428.50630648622,0,551080780.530944,20.1273919635056,0,8.76849748954369
"South Africa",2015,"ZAF",8,560,16.245,51.919115722747,9,5730.93445218042,0,358276051,19.6968143394049,0,8.65363387707234
"South Africa",2016,"ZAF",8,560,16.733,54,9,5272.25421696044,0,494006876.384375,20.0180599948617,0,8.57021329523231
"South Africa",2017,"ZAF",8,560,16.733,56.1673944673383,9,6121.87657218254,0,617443850.110455,20.2410986913367,0,8.71962395794676
"Togo",2010,"TGO",134,461,-10.334,3,-2,533.508768739606,38868369.7406332,3817858.30697917,15.1552001707351,17.4756913606222,6.27947550685717
"Togo",2011,"TGO",134,461,-10.334,3.5,-2,615.963120031608,0,4027445.67300479,15.2086429049304,0,6.42318709166268
"Togo",2012,"TGO",134,461,-9.596,4,-2,631.103907565377,0,4046955.08885103,15.2134753264036,0,6.44747052024489
"Togo",2013,"TGO",134,461,-9.596,4.5,-2,720.256705188008,0,3283847.49575324,15.0045263099114,0,6.57960768344995
"Togo",2014,"TGO",134,461,-9.596,5.7,-2,779.670294422698,0,3542722.50678263,15.08040605924,0,6.65887113086296
"Togo",2015,"TGO",134,461,-8.786,7.12,-2,729.972461894151,0,4194592,15.2493066345123,0,6.59300680999822
"Togo",2016,"TGO",134,461,-7.617,11.31,-2,808.416404254761,0,5291271.50389899,15.481569134858,0,6.69507727757341
"Togo",2017,"TGO",134,461,-8.833,12.3602249692905,-2,829.70004762162,0,6690632.6321216,15.7162189914783,0,6.72106424706643
"Tunisia",2010,"TUN",98,616,-27.813,36.8,-4,4141.97635336459,0,19592314.2855731,16.7906479190113,0,8.32892833294952
"Tunisia",2011,"TUN",98,616,18.219,39.1,4,4264.72543529107,6270189.33468782,42240775.9391967,17.5588965669662,15.6513171090731,8.35813308160291
"Tunisia",2012,"TUN",98,616,25.104,41.4416,5,4152.70310433947,0,130186230.957324,18.6844765291306,0,8.33151475163136
"Tunisia",2013,"TUN",98,616,25.306,43.8,6,4222.81266654213,0,40754376.5563046,17.5230737920389,0,8.34825669367108
"Tunisia",2014,"TUN",98,616,25.409,46.16,7,4305.54342431581,0,66192539.2834507,18.0080783149104,0,8.36765863986304
"Tunisia",2015,"TUN",98,616,25.409,46.4999943435776,7,3861.64387549047,6530188.94205843,110184798,18.5176694959839,15.6919464352993,8.25884824627948
"Tunisia",2016,"TUN",98,616,25.409,49.5999948415756,7,3697.88036308586,0,130154437.016658,18.6842322803847,0,8.21551505963517
"Tunisia",2017,"TUN",98,616,25.409,55.5001550633671,7,3481.20361217389,0,158684606.688323,18.8824291844993,0,8.15513337853802
"Uganda",2010,"UGA",50,500,-8.117,4.3,-1,946.735802808368,3360803.26921924,350676887.167296,19.6753758080834,15.0276905715871,6.8530200709561
"Uganda",2011,"UGA",50,500,-8.631,4.6,-1,848.717309226279,0,356319946.676591,19.691339611823,0,6.74372616175561
"Uganda",2012,"UGA",50,500,-8.384,4.8,-1,892.182070124686,0,440716084.293861,19.9039114262959,0,6.79367022624104
"Uganda",2013,"UGA",50,500,-8.151,5.1,-1,657.476698448721,0,467072554.615419,19.9619951667677,0,6.4884093238022
"Uganda",2014,"UGA",50,500,-7.861,5.4,-1,1056.2209142926,0,502267384.201904,20.0346431737072,0,6.96245264152784
"Uganda",2015,"UGA",50,500,-8.201,5.7,-1,766.422090409542,0,432767451,19.8857110770308,0,6.64173304984452
"Uganda",2016,"UGA",50,500,-7.989,6,-1,769.682175290654,0,559434376.048362,20.1424367884857,0,6.64597767027635
"Uganda",2017,"UGA",50,500,-7.203,8.1,-1,767.101704594195,0,628482576.878739,20.2588188638581,0,6.64261939309053
"Zambia",2010,"ZMB",61,551,-5.604,3,7,1489.44762060195,0,221446981.011125,19.2156937554166,0,7.30616060577599
"Zambia",2011,"ZMB",61,551,-10.916,3.5,7,1746.21968693182,0,234177403.453457,19.2715895204997,0,7.46520855146951
"Zambia",2012,"ZMB",61,551,-9.992,4.1,7,1717.79809109137,0,284522230.404019,19.4663219469807,0,7.44879857007954
"Zambia",2013,"ZMB",61,551,-10.37,4.8,7,1781.0719456094,0,322345976.36511,19.5911359874501,0,7.48497067866096
"Zambia",2014,"ZMB",61,551,-9.685,6.5,7,1733.34479382162,0,335103371.31675,19.6299496132858,0,7.45780822769972
"Zambia",2015,"ZMB",61,551,-8.121,8.8,7,1313.589617298,0,287220457,19.4757606217103,0,7.18051883466114
"Zambia",2016,"ZMB",61,551,-12.435,10.3,6,1311.01042804314,0,351462648.994937,19.677614001819,0,7.17855343799838
"Zambia",2017,"ZMB",61,551,-11.603,12.2,6,1534.87462746823,0,489909156.42315,20.0097305368264,0,7.33620398076918
"Zimbabwe",2010,"ZWE",62,552,-21.268,6.4,1,948.331852647912,0,152542928.940633,18.8429566156478,0,6.85470449653565
"Zimbabwe",2011,"ZWE",62,552,-19.23,8.4,1,1093.65349391771,0,177421119.326687,18.9940366699461,0,6.99727919964658
"Zimbabwe",2012,"ZWE",62,552,-19.23,12,1,1304.96790963123,0,165123749.4222,18.9222057472562,0,7.17393372913355
"Zimbabwe",2013,"ZWE",62,552,-19.094,15.5,4,1429.99899605801,0,171441187.429462,18.9597508353157,0,7.26542902119637
"Zimbabwe",2014,"ZWE",62,552,-18.876,16.3647399572904,4,1434.89659643061,0,182983980.631574,19.0249091694417,0,7.26884806736089
"Zimbabwe",2015,"ZWE",62,552,-18.416,22.7428181020497,4,1445.07106307379,0,166367480,18.9297096345596,0,7.27591377793508
"Zimbabwe",2016,"ZWE",62,552,-18.556,23.11998904,4,1464.5896859454,0,224854485.787935,19.2309640211173,0,7.28933040436907
"Zimbabwe",2017,"ZWE",62,552,-19.552,24.4,4,1548.18636766727,0,233087969.70652,19.2669264926635,0,7.34483943945299
